ResI,ChainID,Res,dfi,pctdfi,fdfi,pctfdfi
26,A,HIS,0.005601,0.885932,0.733170,0.403042
27,A,PRO,0.005926,0.916350,0.749545,0.433460
28,A,GLU,0.005572,0.882129,0.637263,0.254753
29,A,THR,0.004444,0.730038,0.638592,0.258555
30,A,LEU,0.004664,0.764259,0.757227,0.452471
31,A,VAL,0.005212,0.821293,0.688870,0.346008
32,A,LYS,0.004350,0.726236,0.628887,0.239544
33,A,VAL,0.003800,0.612167,0.755951,0.444867
34,A,LYS,0.004758,0.775665,0.825973,0.562738
35,A,ASP,0.004969,0.790875,0.752450,0.437262
36,A,ALA,0.004132,0.684411,0.760246,0.456274
37,A,GLU,0.004273,0.714829,0.905943,0.680608
38,A,ASP,0.005465,0.874525,0.852535,0.589354
39,A,GLN,0.005400,0.859316,0.793972,0.513308
40,A,LEU,0.004666,0.768061,0.839295,0.577947
41,A,GLY,0.005079,0.806084,0.930973,0.707224
42,A,ALA,0.004016,0.669202,1.033785,0.806084
43,A,ARG,0.003475,0.543726,1.090292,0.840304
44,A,VAL,0.002549,0.201521,1.079215,0.832700
45,A,GLY,0.002351,0.098859,1.010433,0.779468
46,A,TYR,0.002211,0.049430,0.994830,0.764259
47,A,ILE,0.002363,0.110266,0.975977,0.752852
48,A,GLU,0.002487,0.174905,1.001477,0.768061
49,A,LEU,0.002936,0.346008,1.038256,0.817490
50,A,ASP,0.003433,0.532319,1.130355,0.859316
51,A,LEU,0.003598,0.566540,1.116237,0.847909
52,A,ASN,0.004539,0.745247,1.153499,0.870722
53,A,SER,0.004836,0.787072,1.155315,0.874525
54,A,GLY,0.004224,0.707224,1.134688,0.863118
55,A,LYS,0.004322,0.718631,1.145135,0.866920
56,A,ILE,0.003988,0.665399,1.118884,0.851711
57,A,LEU,0.003775,0.604563,1.085815,0.836502
58,A,GLU,0.003618,0.570342,1.033966,0.809886
59,A,SER,0.003259,0.490494,1.027053,0.794677
60,A,PHE,0.003091,0.429658,1.030975,0.802281
61,A,ARG,0.002938,0.349810,1.050352,0.825095
62,A,PRO,0.002778,0.269962,1.010088,0.775665
63,A,GLU,0.002982,0.365019,0.896296,0.665399
64,A,GLU,0.002786,0.273764,0.891878,0.653992
65,A,ARG,0.002521,0.182510,0.799856,0.528517
66,A,PHE,0.002239,0.057034,0.887368,0.642586
67,A,PRO,0.002411,0.136882,1.016439,0.783270
68,A,MET,0.002337,0.087452,0.626810,0.231939
69,A,MET,0.002469,0.171103,0.490622,0.076046
70,A,SER,0.002455,0.159696,0.424329,0.049430
71,A,THR,0.002242,0.060837,0.387681,0.030418
72,A,PHE,0.002318,0.083650,0.484716,0.072243
73,A,LYS,0.002211,0.049430,0.654240,0.288973
74,A,VAL,0.002310,0.079848,0.956713,0.749049
75,A,LEU,0.002344,0.091255,1.128401,0.855513
76,A,LEU,0.002117,0.030418,1.453866,0.901141
77,A,CYS,0.002161,0.038023,1.429913,0.897338
78,A,GLY,0.002564,0.209125,1.394120,0.893536
79,A,ALA,0.002822,0.285171,1.469379,0.904943
80,A,VAL,0.002755,0.262357,1.331739,0.885932
81,A,LEU,0.003257,0.486692,1.005575,0.771863
82,A,SER,0.003985,0.661597,0.815779,0.543726
83,A,ARG,0.004587,0.752852,0.573432,0.167300
84,A,ILE,0.004788,0.783270,0.668889,0.326996
85,A,ASP,0.005384,0.851711,0.645772,0.277567
86,A,ALA,0.006355,0.935361,0.546187,0.117871
87,A,GLY,0.006867,0.954373,0.597922,0.186312
88,A,GLN,0.006400,0.942966,0.507948,0.087452
89,A,GLU,0.005452,0.866920,0.566207,0.152091
90,A,GLN,0.005869,0.912548,0.664220,0.307985
91,A,LEU,0.005312,0.832700,0.722457,0.391635
92,A,GLY,0.006310,0.931559,0.775323,0.475285
93,A,ARG,0.006167,0.920152,0.825971,0.558935
94,A,ARG,0.005802,0.904943,0.914075,0.684411
95,A,ILE,0.005771,0.901141,0.941959,0.722433
96,A,HIS,0.007268,0.961977,0.929712,0.703422
97,A,TYR,0.007359,0.969582,0.901072,0.673004
98,A,SER,0.008678,0.984791,0.862744,0.627376
99,A,GLN,0.008794,0.988593,0.799641,0.524715
100,A,ASN,0.009126,0.996198,0.772368,0.471483
101,A,ASP,0.006881,0.958175,0.776313,0.479087
102,A,LEU,0.005763,0.897338,0.722562,0.395437
103,A,VAL,0.005250,0.828897,0.641480,0.269962
104,A,GLU,0.005644,0.889734,0.630326,0.243346
105,A,TYR,0.005417,0.863118,0.548995,0.125475
106,A,SER,0.004498,0.737643,0.622329,0.228137
107,A,PRO,0.005335,0.840304,0.616464,0.212928
108,A,VAL,0.004984,0.794677,0.695555,0.365019
109,A,THR,0.004651,0.760456,0.800899,0.532319
110,A,GLU,0.006245,0.923954,0.740317,0.422053
111,A,LYS,0.007342,0.965779,0.747946,0.429658
112,A,HIS,0.007372,0.973384,0.822572,0.551331
113,A,LEU,0.008054,0.980989,0.859591,0.619772
114,A,THR,0.009872,1.000000,0.850703,0.581749
115,A,ASP,0.009062,0.992395,0.856723,0.612167
116,A,GLY,0.006708,0.950570,0.929586,0.699620
117,A,MET,0.005154,0.813688,0.924260,0.692015
118,A,THR,0.004688,0.771863,0.887203,0.638783
119,A,VAL,0.003563,0.555133,0.851759,0.585551
120,A,ARG,0.003929,0.642586,0.754537,0.441065
121,A,GLU,0.003657,0.577947,0.802661,0.536122
122,A,LEU,0.002422,0.140684,0.937218,0.714829
123,A,CYS,0.002377,0.125475,0.825017,0.555133
124,A,SER,0.002850,0.300380,0.692991,0.353612
125,A,ALA,0.002669,0.231939,0.666698,0.323194
126,A,ALA,0.002438,0.152091,0.611528,0.193916
127,A,ILE,0.002657,0.228137,0.495991,0.079848
128,A,THR,0.002905,0.330798,0.417242,0.045627
129,A,MET,0.003063,0.406844,0.416275,0.041825
130,A,SER,0.003091,0.429658,0.457700,0.064639
131,A,ASP,0.003051,0.403042,0.618103,0.216730
132,A,ASN,0.003188,0.463878,0.653505,0.285171
133,A,THR,0.003107,0.437262,0.791191,0.498099
134,A,ALA,0.002370,0.114068,0.944104,0.726236
135,A,ALA,0.002229,0.053232,0.601919,0.190114
136,A,ASN,0.002540,0.193916,0.659253,0.300380
137,A,LEU,0.002410,0.133080,1.166559,0.878327
138,A,LEU,0.002282,0.072243,0.936858,0.711027
139,A,LEU,0.002377,0.125475,1.020172,0.787072
140,A,THR,0.002828,0.296578,1.596469,0.916350
141,A,THR,0.003016,0.376426,1.365844,0.889734
142,A,ILE,0.002974,0.361217,1.760095,0.923954
143,A,GLY,0.003141,0.448669,2.598983,0.939163
144,A,GLY,0.002864,0.307985,2.734562,0.942966
145,A,PRO,0.002873,0.311787,3.318492,0.961977
146,A,LYS,0.003283,0.494297,4.473426,0.969582
147,A,GLU,0.003172,0.456274,5.219807,0.988593
148,A,LEU,0.002765,0.266160,4.676033,0.977186
149,A,THR,0.002827,0.292776,6.782787,0.992395
150,A,ALA,0.003202,0.471483,10.438104,1.000000
151,A,PHE,0.003148,0.452471,8.016912,0.996198
152,A,LEU,0.002858,0.304183,5.179167,0.984791
153,A,HIS,0.003064,0.410646,4.931326,0.980989
154,A,ASN,0.003488,0.547529,4.587277,0.973384
155,A,MET,0.003535,0.551331,3.788560,0.965779
156,A,GLY,0.003442,0.536122,3.048442,0.954373
157,A,ASP,0.002967,0.357414,3.253439,0.958175
158,A,HIS,0.003106,0.433460,2.822056,0.950570
159,A,VAL,0.002934,0.342205,1.604312,0.920152
160,A,THR,0.002565,0.212928,1.561250,0.908745
161,A,ARG,0.002800,0.277567,2.775115,0.946768
162,A,LEU,0.002702,0.254753,2.577617,0.935361
163,A,ASP,0.003113,0.441065,1.899557,0.931559
164,A,ARG,0.003045,0.399240,1.573265,0.912548
165,A,TRP,0.002950,0.353612,1.106960,0.844106
166,A,GLU,0.003022,0.387833,0.929151,0.695817
167,A,PRO,0.003392,0.520913,1.063619,0.828897
168,A,GLU,0.003380,0.513308,1.198852,0.882129
169,A,LEU,0.002893,0.319392,0.950453,0.737643
170,A,ASN,0.003083,0.418251,0.838962,0.574144
171,A,GLU,0.003351,0.509506,0.701095,0.368821
172,A,ALA,0.003010,0.372624,0.677677,0.342205
173,A,ILE,0.003826,0.615970,0.695049,0.361217
174,A,PRO,0.004067,0.676806,0.826692,0.566540
175,A,ASN,0.004165,0.692015,0.904017,0.676806
176,A,ASP,0.003830,0.619772,0.853935,0.596958
177,A,GLU,0.003398,0.524715,0.736091,0.410646
178,A,ARG,0.003198,0.467681,1.038047,0.813688
179,A,ASP,0.002733,0.258555,1.803708,0.927757
180,A,THR,0.002462,0.167300,1.028731,0.798479
181,A,THR,0.002558,0.205323,0.946344,0.733840
182,A,MET,0.002362,0.106464,0.743524,0.425856
183,A,PRO,0.002184,0.041825,0.853234,0.593156
184,A,VAL,0.002428,0.148289,0.944826,0.730038
185,A,ALA,0.002545,0.197719,0.817854,0.547529
186,A,MET,0.002373,0.117871,0.728704,0.399240
187,A,ALA,0.002268,0.068441,0.829136,0.570342
188,A,THR,0.002423,0.144487,0.796898,0.517110
189,A,THR,0.002522,0.186312,0.765130,0.460076
190,A,LEU,0.002460,0.163498,0.738762,0.418251
191,A,ARG,0.002608,0.216730,0.640198,0.266160
192,A,LYS,0.002700,0.247148,0.589481,0.178707
193,A,LEU,0.002620,0.220532,0.637121,0.250951
194,A,LEU,0.002918,0.338403,0.595727,0.182510
195,A,THR,0.003386,0.517110,0.565087,0.144487
196,A,GLY,0.003474,0.539924,0.561291,0.140684
197,A,GLU,0.004117,0.680608,0.509721,0.091255
198,A,LEU,0.003631,0.574144,0.527672,0.106464
199,A,LEU,0.003703,0.589354,0.548688,0.121673
200,A,THR,0.004452,0.733840,0.558425,0.129278
201,A,LEU,0.004788,0.783270,0.539372,0.110266
202,A,ALA,0.004554,0.749049,0.568939,0.163498
203,A,SER,0.003580,0.562738,0.615361,0.201521
204,A,ARG,0.003411,0.528517,0.567032,0.155894
205,A,GLN,0.003669,0.581749,0.545402,0.114068
206,A,GLN,0.003227,0.479087,0.635402,0.247148
207,A,LEU,0.002683,0.239544,0.649852,0.281369
208,A,ILE,0.002896,0.326996,0.516089,0.098859
209,A,ASP,0.003067,0.414449,0.444109,0.057034
210,A,TRP,0.002700,0.247148,0.432698,0.053232
211,A,MET,0.002627,0.224335,0.409480,0.038023
212,A,GLU,0.003038,0.391635,0.386937,0.026616
213,A,ALA,0.003087,0.422053,0.317672,0.019011
214,A,ASP,0.002702,0.254753,0.336352,0.022814
215,A,LYS,0.002983,0.368821,0.312296,0.011407
216,A,VAL,0.003042,0.395437,0.283744,0.003802
217,A,ALA,0.002887,0.315589,0.402306,0.034221
218,A,GLY,0.003846,0.623574,0.694050,0.357414
219,A,PRO,0.003974,0.657795,0.736459,0.414449
220,A,LEU,0.003297,0.498099,0.621176,0.224335
221,A,LEU,0.003174,0.460076,0.616365,0.209125
222,A,ARG,0.003866,0.627376,0.706638,0.384030
223,A,SER,0.004261,0.711027,0.791832,0.501901
224,A,ALA,0.004221,0.703422,0.799363,0.520913
225,A,LEU,0.004617,0.756654,0.784629,0.490494
226,A,PRO,0.006267,0.927757,0.793503,0.509506
227,A,ALA,0.007649,0.977186,0.772319,0.467681
228,A,GLY,0.006701,0.946768,0.813570,0.539924
229,A,TRP,0.005025,0.802281,0.884742,0.634981
230,A,PHE,0.004332,0.722433,0.889701,0.646388
231,A,ILE,0.003132,0.444867,0.855529,0.608365
232,A,ALA,0.002672,0.235741,0.661357,0.304183
233,A,ASP,0.002447,0.155894,0.512205,0.095057
234,A,LYS,0.002289,0.076046,0.297280,0.007605
235,A,SER,0.002250,0.064639,0.314839,0.015209
236,A,GLY,0.002401,0.129278,0.453382,0.060837
237,A,ALA,0.002913,0.334601,0.560341,0.136882
238,A,GLY,0.003204,0.475285,0.705945,0.380228
240,A,GLU,0.003758,0.596958,0.664890,0.315589
241,A,ARG,0.003919,0.638783,0.733598,0.406844
242,A,GLY,0.003747,0.593156,0.766503,0.463878
243,A,SER,0.002896,0.326996,0.673966,0.334601
244,A,ARG,0.002517,0.178707,0.616147,0.205323
245,A,GLY,0.001986,0.026616,0.559145,0.133080
246,A,ILE,0.001870,0.011407,0.484077,0.068441
247,A,ILE,0.001983,0.022814,0.503897,0.083650
248,A,ALA,0.002145,0.034221,0.586999,0.174905
249,A,ALA,0.002531,0.190114,0.920581,0.688213
250,A,LEU,0.002823,0.288973,0.954766,0.745247
251,A,GLY,0.003784,0.608365,0.952078,0.741445
252,A,PRO,0.005239,0.825095,0.892923,0.657795
254,A,ASP,0.006379,0.939163,0.895225,0.661597
255,A,GLY,0.005759,0.893536,0.899905,0.669202
256,A,LYS,0.005144,0.809886,0.980818,0.756654
257,A,PRO,0.003898,0.634981,1.044901,0.821293
258,A,SER,0.003888,0.631179,1.024057,0.790875
259,A,ARG,0.003021,0.384030,0.991421,0.760456
260,A,ILE,0.002357,0.102662,0.878834,0.631179
261,A,VAL,0.001962,0.019011,0.784982,0.494297
262,A,VAL,0.001832,0.007605,0.783733,0.486692
263,A,ILE,0.001731,0.003802,0.857487,0.615970
264,A,TYR,0.001925,0.015209,0.792120,0.505703
265,A,THR,0.002347,0.095057,0.854700,0.604563
266,A,THR,0.002810,0.281369,0.854116,0.600760
267,A,GLY,0.003768,0.600760,0.941178,0.718631
268,A,SER,0.004199,0.699620,0.890758,0.650190
269,A,GLN,0.005191,0.817490,0.862621,0.623574
270,A,ALA,0.005400,0.859316,0.757024,0.448669
271,A,THR,0.005818,0.908745,0.717474,0.387833
272,A,MET,0.005338,0.844106,0.658098,0.296578
273,A,ASP,0.005562,0.878327,0.672211,0.330798
274,A,GLU,0.005013,0.798479,0.689485,0.349810
275,A,ARG,0.003939,0.646388,0.664786,0.311787
276,A,ASN,0.003958,0.650190,0.620398,0.220532
277,A,ARG,0.004139,0.688213,0.665912,0.319392
278,A,GLN,0.003678,0.585551,0.642901,0.273764
279,A,ILE,0.003017,0.380228,0.565611,0.148289
280,A,ALA,0.003302,0.501901,0.626997,0.235741
281,A,GLU,0.003578,0.558935,0.612203,0.197719
282,A,ILE,0.003319,0.505703,0.521960,0.102662
283,A,GLY,0.003247,0.482890,0.575910,0.171103
284,A,ALA,0.003962,0.653992,0.639946,0.262357
285,A,SER,0.004170,0.695817,0.568901,0.159696
286,A,LEU,0.004018,0.673004,0.654868,0.292776
287,A,ILE,0.004537,0.741445,0.704030,0.376426
288,A,LYS,0.005332,0.836502,0.674731,0.338403
289,A,HIS,0.005463,0.870722,0.702895,0.372624
290,A,TRP,0.005350,0.847909,0.781931,0.482890
